relative_path,asset_class,include_status,size_bytes,sha256
.gitignore,other,supporting_documentation,99,83852bccd861565e99ea97ca767034ac7f27838b6d7fc2a8fd06f4932f9afa09
LICENSE.md,documentation,supporting_documentation,2123,f4cc438f96ba28f2afd59d5d432ac914c6b3385b24be4dde5d779c81b2789db4
LICENSE_STATUS.md,documentation,supporting_documentation,4098,afcbf1963521e9bef053ad79eae7b63d58430d3c17a677690a27884c2aab8791
PACKAGE_STATUS.md,documentation,supporting_documentation,2036,8644ccc17d57635d355542afafe432f7e243dd1af14c600122b866cad46c0444
README.md,documentation,supporting_documentation,3692,fe02b7acfc526603be32d861f66f9dec50490b84211d949eecaec225c5243785
code/modernized/error_corr3_c99.c,code_reference,reference_only_pending_rights,7205,d1edc35985d3233f4ff562d05bccfbddfcd5b5a35cd8c5262ae3a20184b7ebc0
code/original/error_corr3.c,code_reference,reference_only_pending_rights,7192,cae6e89136718657b4b081f18922497b570d21e82feee17f1ed7638e9f8ba5ac
documentation/BUILD_AND_USE_NOTES.md,documentation,supporting_documentation,782,819408631771d8882ce29dc243e6e58a2c5636250f8e1edc6908400d80d34c4c
documentation/RIGHTS_AND_RELEASE_NOTES.md,documentation,supporting_documentation,1215,861bfe0cf6f66f823f2108ad6187cf3fc281923ccfb3afd344467ee7c9c4e815
documentation/SOURCE_REVIEW.md,documentation,supporting_documentation,1128,995510680edbd4dadb038a21c59649b0e1a62708946fd498b8cf53ca7ec91a07
metadata/FILE_MANIFEST.csv,documentation,supporting_documentation,1572,066f671b9a91017a1d596a7d31bd201236782f5fd362a5eb3f92246481389455
metadata/SOURCE_BOUNDARY_DECISIONS.csv,documentation,supporting_documentation,1055,90ee1ed52a5d26f30661a31e1478e317138ac2c3ffc1f96c534f2a6b043fdc7e
paper/BottleneckFormation.pdf,paper_reference,reference_only_do_not_public_upload_without_rights,137561,40e28b33527f97631486272ad91132bc89f4702aba783469a78e4e2c42184e2f
paper/README.md,paper_reference,reference_only_do_not_public_upload_without_rights,847,6704b5871f86002961fc73463a7b638c177860f237284fc0c83e24ae86f8391a
